example_id,lambda_value,oracle_action,oracle_correct,oracle_total_tokens,oracle_utility,cost_normalizer
gsm8k-test-0,0.0,SC-3,1,769,1.0,966.53
gsm8k-test-0,0.05,SC-3,1,769,0.9602185136519301,966.53
gsm8k-test-0,0.1,SC-3,1,769,0.9204370273038602,966.53
gsm8k-test-0,0.2,SC-3,1,769,0.8408740546077204,966.53
gsm8k-test-1,0.0,STOP,0,297,0.0,966.53
gsm8k-test-1,0.05,STOP,0,297,-0.01536424115133519,966.53
gsm8k-test-1,0.1,STOP,0,297,-0.03072848230267038,966.53
gsm8k-test-1,0.2,STOP,0,297,-0.06145696460534076,966.53
gsm8k-test-2,0.0,STOP,1,302,1.0,966.53
gsm8k-test-2,0.05,STOP,1,302,0.9843771015902248,966.53
gsm8k-test-2,0.1,STOP,1,302,0.9687542031804497,966.53
gsm8k-test-2,0.2,STOP,1,302,0.9375084063608993,966.53
gsm8k-test-3,0.0,VERIFY,1,911,1.0,966.53
gsm8k-test-3,0.05,VERIFY,1,911,0.9528726475122344,966.53
gsm8k-test-3,0.1,VERIFY,1,911,0.905745295024469,966.53
gsm8k-test-3,0.2,VERIFY,1,911,0.811490590048938,966.53
gsm8k-test-4,0.0,STOP,0,314,0.0,966.53
gsm8k-test-4,0.05,STOP,0,314,-0.016243675830031144,966.53
gsm8k-test-4,0.1,STOP,0,314,-0.03248735166006229,966.53
gsm8k-test-4,0.2,STOP,0,314,-0.06497470332012457,966.53
gsm8k-test-5,0.0,VERIFY,1,813,1.0,966.53
gsm8k-test-5,0.05,VERIFY,1,813,0.9579423297776583,966.53
gsm8k-test-5,0.1,VERIFY,1,813,0.9158846595553164,966.53
gsm8k-test-5,0.2,VERIFY,1,813,0.8317693191106329,966.53
gsm8k-test-6,0.0,SC-3,1,950,1.0,966.53
gsm8k-test-6,0.05,SC-3,1,950,0.9508551208964026,966.53
gsm8k-test-6,0.1,SC-3,1,950,0.9017102417928051,966.53
gsm8k-test-6,0.2,SC-3,1,950,0.8034204835856104,966.53
gsm8k-test-7,0.0,STOP,1,242,1.0,966.53
gsm8k-test-7,0.05,STOP,1,242,0.9874809886915047,966.53
gsm8k-test-7,0.1,STOP,1,242,0.9749619773830093,966.53
gsm8k-test-7,0.2,STOP,1,242,0.9499239547660187,966.53
gsm8k-test-8,0.0,STOP,1,189,1.0,966.53
gsm8k-test-8,0.05,STOP,1,189,0.9902227556309685,966.53
gsm8k-test-8,0.1,STOP,1,189,0.980445511261937,966.53
gsm8k-test-8,0.2,STOP,1,189,0.960891022523874,966.53
gsm8k-test-9,0.0,STOP,0,303,0.0,966.53
gsm8k-test-9,0.05,STOP,0,303,-0.015674629861463174,966.53
gsm8k-test-9,0.1,STOP,0,303,-0.03134925972292635,966.53
gsm8k-test-9,0.2,STOP,0,303,-0.0626985194458527,966.53
gsm8k-test-10,0.0,STOP,0,358,0.0,966.53
gsm8k-test-10,0.05,STOP,0,358,-0.018519859704303025,966.53
gsm8k-test-10,0.1,STOP,0,358,-0.03703971940860605,966.53
gsm8k-test-10,0.2,STOP,0,358,-0.0740794388172121,966.53
gsm8k-test-11,0.0,STOP,0,290,0.0,966.53
gsm8k-test-11,0.05,STOP,0,290,-0.015002120989519209,966.53
gsm8k-test-11,0.1,STOP,0,290,-0.030004241979038417,966.53
gsm8k-test-11,0.2,STOP,0,290,-0.060008483958076834,966.53
gsm8k-test-12,0.0,STOP,0,285,0.0,966.53
gsm8k-test-12,0.05,STOP,0,285,-0.014743463731079223,966.53
gsm8k-test-12,0.1,STOP,0,285,-0.029486927462158447,966.53
gsm8k-test-12,0.2,STOP,0,285,-0.05897385492431689,966.53
gsm8k-test-13,0.0,STOP,1,289,1.0,966.53
gsm8k-test-13,0.05,STOP,1,289,0.9850496104621688,966.53
gsm8k-test-13,0.1,STOP,1,289,0.9700992209243375,966.53
gsm8k-test-13,0.2,STOP,1,289,0.9401984418486752,966.53
gsm8k-test-14,0.0,STOP,0,305,0.0,966.53
gsm8k-test-14,0.05,STOP,0,305,-0.015778092764839168,966.53
gsm8k-test-14,0.1,STOP,0,305,-0.031556185529678336,966.53
gsm8k-test-14,0.2,STOP,0,305,-0.06311237105935667,966.53
gsm8k-test-15,0.0,VERIFY,1,911,1.0,966.53
gsm8k-test-15,0.05,VERIFY,1,911,0.9528726475122344,966.53
gsm8k-test-15,0.1,VERIFY,1,911,0.905745295024469,966.53
gsm8k-test-15,0.2,VERIFY,1,911,0.811490590048938,966.53
gsm8k-test-16,0.0,STOP,1,319,1.0,966.53
gsm8k-test-16,0.05,STOP,1,319,0.9834976669115288,966.53
gsm8k-test-16,0.1,STOP,1,319,0.9669953338230577,966.53
gsm8k-test-16,0.2,STOP,1,319,0.9339906676461155,966.53
gsm8k-test-17,0.0,STOP,1,279,1.0,966.53
gsm8k-test-17,0.05,STOP,1,279,0.9855669249790487,966.53
gsm8k-test-17,0.1,STOP,1,279,0.9711338499580975,966.53
gsm8k-test-17,0.2,STOP,1,279,0.9422676999161951,966.53
gsm8k-test-18,0.0,STOP,0,255,0.0,966.53
gsm8k-test-18,0.05,STOP,0,255,-0.013191520180439304,966.53
gsm8k-test-18,0.1,STOP,0,255,-0.026383040360878608,966.53
gsm8k-test-18,0.2,STOP,0,255,-0.052766080721757216,966.53
gsm8k-test-19,0.0,STOP,1,292,1.0,966.53
gsm8k-test-19,0.05,STOP,1,292,0.9848944161071048,966.53
gsm8k-test-19,0.1,STOP,1,292,0.9697888322142096,966.53
gsm8k-test-19,0.2,STOP,1,292,0.9395776644284192,966.53
gsm8k-test-20,0.0,STOP,1,274,1.0,966.53
gsm8k-test-20,0.05,STOP,1,274,0.9858255822374887,966.53
gsm8k-test-20,0.1,STOP,1,274,0.9716511644749775,966.53
gsm8k-test-20,0.2,STOP,1,274,0.943302328949955,966.53
gsm8k-test-21,0.0,STOP,0,294,0.0,966.53
gsm8k-test-21,0.05,STOP,0,294,-0.015209046796271199,966.53
gsm8k-test-21,0.1,STOP,0,294,-0.030418093592542397,966.53
gsm8k-test-21,0.2,STOP,0,294,-0.060836187185084795,966.53
gsm8k-test-22,0.0,STOP,1,243,1.0,966.53
gsm8k-test-22,0.05,STOP,1,243,0.9874292572398167,966.53
gsm8k-test-22,0.1,STOP,1,243,0.9748585144796333,966.53
gsm8k-test-22,0.2,STOP,1,243,0.9497170289592667,966.53
gsm8k-test-23,0.0,STOP,0,325,0.0,966.53
gsm8k-test-23,0.05,STOP,0,325,-0.016812721798599113,966.53
gsm8k-test-23,0.1,STOP,0,325,-0.033625443597198226,966.53
gsm8k-test-23,0.2,STOP,0,325,-0.06725088719439645,966.53
gsm8k-test-24,0.0,STOP,0,311,0.0,966.53
gsm8k-test-24,0.05,STOP,0,311,-0.01608848147496715,966.53
gsm8k-test-24,0.1,STOP,0,311,-0.0321769629499343,966.53
gsm8k-test-24,0.2,STOP,0,311,-0.0643539258998686,966.53
gsm8k-test-25,0.0,STOP,1,225,1.0,966.53
gsm8k-test-25,0.05,STOP,1,225,0.9883604233702006,966.53
gsm8k-test-25,0.1,STOP,1,225,0.9767208467404013,966.53
gsm8k-test-25,0.2,STOP,1,225,0.9534416934808024,966.53
gsm8k-test-26,0.0,VERIFY,1,846,1.0,966.53
gsm8k-test-26,0.05,VERIFY,1,846,0.9562351918719543,966.53
gsm8k-test-26,0.1,VERIFY,1,846,0.9124703837439087,966.53
gsm8k-test-26,0.2,VERIFY,1,846,0.8249407674878172,966.53
gsm8k-test-27,0.0,STOP,0,322,0.0,966.53
gsm8k-test-27,0.05,STOP,0,322,-0.016657527443535124,966.53
gsm8k-test-27,0.1,STOP,0,322,-0.03331505488707025,966.53
gsm8k-test-27,0.2,STOP,0,322,-0.0666301097741405,966.53
gsm8k-test-28,0.0,STOP,0,341,0.0,966.53
gsm8k-test-28,0.05,STOP,0,341,-0.01764042502560707,966.53
gsm8k-test-28,0.1,STOP,0,341,-0.03528085005121414,966.53
gsm8k-test-28,0.2,STOP,0,341,-0.07056170010242828,966.53
gsm8k-test-29,0.0,STOP,1,235,1.0,966.53
gsm8k-test-29,0.05,STOP,1,235,0.9878431088533206,966.53
gsm8k-test-29,0.1,STOP,1,235,0.9756862177066413,966.53
gsm8k-test-29,0.2,STOP,1,235,0.9513724354132825,966.53
gsm8k-test-30,0.0,STOP,1,319,1.0,966.53
gsm8k-test-30,0.05,STOP,1,319,0.9834976669115288,966.53
gsm8k-test-30,0.1,STOP,1,319,0.9669953338230577,966.53
gsm8k-test-30,0.2,STOP,1,319,0.9339906676461155,966.53
gsm8k-test-31,0.0,STOP,0,328,0.0,966.53
gsm8k-test-31,0.05,STOP,0,328,-0.016967916153663106,966.53
gsm8k-test-31,0.1,STOP,0,328,-0.03393583230732621,966.53
gsm8k-test-31,0.2,STOP,0,328,-0.06787166461465242,966.53
gsm8k-test-32,0.0,STOP,1,299,1.0,966.53
gsm8k-test-32,0.05,STOP,1,299,0.9845322959452888,966.53
gsm8k-test-32,0.1,STOP,1,299,0.9690645918905776,966.53
gsm8k-test-32,0.2,STOP,1,299,0.9381291837811553,966.53
gsm8k-test-33,0.0,STOP,0,307,0.0,966.53
gsm8k-test-33,0.05,STOP,0,307,-0.015881555668215162,966.53
gsm8k-test-33,0.1,STOP,0,307,-0.031763111336430325,966.53
gsm8k-test-33,0.2,STOP,0,307,-0.06352622267286065,966.53
gsm8k-test-34,0.0,STOP,0,322,0.0,966.53
gsm8k-test-34,0.05,STOP,0,322,-0.016657527443535124,966.53
gsm8k-test-34,0.1,STOP,0,322,-0.03331505488707025,966.53
gsm8k-test-34,0.2,STOP,0,322,-0.0666301097741405,966.53
gsm8k-test-35,0.0,STOP,0,301,0.0,966.53
gsm8k-test-35,0.05,STOP,0,301,-0.01557116695808718,966.53
gsm8k-test-35,0.1,STOP,0,301,-0.03114233391617436,966.53
gsm8k-test-35,0.2,STOP,0,301,-0.06228466783234872,966.53
gsm8k-test-36,0.0,STOP,1,275,1.0,966.53
gsm8k-test-36,0.05,STOP,1,275,0.9857738507858007,966.53
gsm8k-test-36,0.1,STOP,1,275,0.9715477015716015,966.53
gsm8k-test-36,0.2,STOP,1,275,0.9430954031432031,966.53
gsm8k-test-37,0.0,STOP,0,348,0.0,966.53
gsm8k-test-37,0.05,STOP,0,348,-0.01800254518742305,966.53
gsm8k-test-37,0.1,STOP,0,348,-0.0360050903748461,966.53
gsm8k-test-37,0.2,STOP,0,348,-0.0720101807496922,966.53
gsm8k-test-38,0.0,STOP,0,316,0.0,966.53
gsm8k-test-38,0.05,STOP,0,316,-0.016347138733407138,966.53
gsm8k-test-38,0.1,STOP,0,316,-0.032694277466814275,966.53
gsm8k-test-38,0.2,STOP,0,316,-0.06538855493362855,966.53
gsm8k-test-39,0.0,STOP,1,275,1.0,966.53
gsm8k-test-39,0.05,STOP,1,275,0.9857738507858007,966.53
gsm8k-test-39,0.1,STOP,1,275,0.9715477015716015,966.53
gsm8k-test-39,0.2,STOP,1,275,0.9430954031432031,966.53
gsm8k-test-40,0.0,VERIFY,1,931,1.0,966.53
gsm8k-test-40,0.05,VERIFY,1,931,0.9518380184784745,966.53
gsm8k-test-40,0.1,VERIFY,1,931,0.9036760369569491,966.53
gsm8k-test-40,0.2,VERIFY,1,931,0.8073520739138982,966.53
gsm8k-test-41,0.0,STOP,0,317,0.0,966.53
gsm8k-test-41,0.05,STOP,0,317,-0.016398870185095137,966.53
gsm8k-test-41,0.1,STOP,0,317,-0.03279774037019027,966.53
gsm8k-test-41,0.2,STOP,0,317,-0.06559548074038055,966.53
gsm8k-test-42,0.0,STOP,0,321,0.0,966.53
gsm8k-test-42,0.05,STOP,0,321,-0.016605795991847125,966.53
gsm8k-test-42,0.1,STOP,0,321,-0.03321159198369425,966.53
gsm8k-test-42,0.2,STOP,0,321,-0.0664231839673885,966.53
gsm8k-test-43,0.0,STOP,1,297,1.0,966.53
gsm8k-test-43,0.05,STOP,1,297,0.9846357588486648,966.53
gsm8k-test-43,0.1,STOP,1,297,0.9692715176973297,966.53
gsm8k-test-43,0.2,STOP,1,297,0.9385430353946592,966.53
gsm8k-test-44,0.0,STOP,0,347,0.0,966.53
gsm8k-test-44,0.05,STOP,0,347,-0.017950813735735052,966.53
gsm8k-test-44,0.1,STOP,0,347,-0.035901627471470104,966.53
gsm8k-test-44,0.2,STOP,0,347,-0.07180325494294021,966.53
gsm8k-test-45,0.0,STOP,1,326,1.0,966.53
gsm8k-test-45,0.05,STOP,1,326,0.9831355467497129,966.53
gsm8k-test-45,0.1,STOP,1,326,0.9662710934994257,966.53
gsm8k-test-45,0.2,STOP,1,326,0.9325421869988516,966.53
gsm8k-test-46,0.0,STOP,1,304,1.0,966.53
gsm8k-test-46,0.05,STOP,1,304,0.9842736386868488,966.53
gsm8k-test-46,0.1,STOP,1,304,0.9685472773736976,966.53
gsm8k-test-46,0.2,STOP,1,304,0.9370945547473953,966.53
gsm8k-test-47,0.0,VERIFY,1,919,1.0,966.53
gsm8k-test-47,0.05,VERIFY,1,919,0.9524587958987305,966.53
gsm8k-test-47,0.1,VERIFY,1,919,0.904917591797461,966.53
gsm8k-test-47,0.2,VERIFY,1,919,0.809835183594922,966.53
gsm8k-test-48,0.0,STOP,0,298,0.0,966.53
gsm8k-test-48,0.05,STOP,0,298,-0.015415972603023187,966.53
gsm8k-test-48,0.1,STOP,0,298,-0.030831945206046374,966.53
gsm8k-test-48,0.2,STOP,0,298,-0.06166389041209275,966.53
gsm8k-test-49,0.0,VERIFY,1,1061,1.0,966.53
gsm8k-test-49,0.05,VERIFY,1,1061,0.9451129297590349,966.53
gsm8k-test-49,0.1,VERIFY,1,1061,0.8902258595180698,966.53
gsm8k-test-49,0.2,VERIFY,1,1061,0.7804517190361395,966.53
gsm8k-test-50,0.0,VERIFY,1,960,1.0,966.53
gsm8k-test-50,0.05,VERIFY,1,960,0.9503378063795226,966.53
gsm8k-test-50,0.1,VERIFY,1,960,0.9006756127590452,966.53
gsm8k-test-50,0.2,VERIFY,1,960,0.8013512255180905,966.53
gsm8k-test-51,0.0,STOP,0,310,0.0,966.53
gsm8k-test-51,0.05,STOP,0,310,-0.016036750023279155,966.53
gsm8k-test-51,0.1,STOP,0,310,-0.03207350004655831,966.53
gsm8k-test-51,0.2,STOP,0,310,-0.06414700009311662,966.53
gsm8k-test-52,0.0,STOP,0,313,0.0,966.53
gsm8k-test-52,0.05,STOP,0,313,-0.016191944378343145,966.53
gsm8k-test-52,0.1,STOP,0,313,-0.03238388875668629,966.53
gsm8k-test-52,0.2,STOP,0,313,-0.06476777751337258,966.53
gsm8k-test-53,0.0,STOP,0,317,0.0,966.53
gsm8k-test-53,0.05,STOP,0,317,-0.016398870185095137,966.53
gsm8k-test-53,0.1,STOP,0,317,-0.03279774037019027,966.53
gsm8k-test-53,0.2,STOP,0,317,-0.06559548074038055,966.53
gsm8k-test-54,0.0,VERIFY,1,862,1.0,966.53
gsm8k-test-54,0.05,VERIFY,1,862,0.9554074886449464,966.53
gsm8k-test-54,0.1,VERIFY,1,862,0.9108149772898927,966.53
gsm8k-test-54,0.2,VERIFY,1,862,0.8216299545797854,966.53
gsm8k-test-55,0.0,STOP,0,308,0.0,966.53
gsm8k-test-55,0.05,STOP,0,308,-0.015933287119903158,966.53
gsm8k-test-55,0.1,STOP,0,308,-0.031866574239806315,966.53
gsm8k-test-55,0.2,STOP,0,308,-0.06373314847961263,966.53
gsm8k-test-56,0.0,STOP,0,308,0.0,966.53
gsm8k-test-56,0.05,STOP,0,308,-0.015933287119903158,966.53
gsm8k-test-56,0.1,STOP,0,308,-0.031866574239806315,966.53
gsm8k-test-56,0.2,STOP,0,308,-0.06373314847961263,966.53
gsm8k-test-57,0.0,STOP,1,284,1.0,966.53
gsm8k-test-57,0.05,STOP,1,284,0.9853082677206088,966.53
gsm8k-test-57,0.1,STOP,1,284,0.9706165354412175,966.53
gsm8k-test-57,0.2,STOP,1,284,0.9412330708824351,966.53
gsm8k-test-58,0.0,STOP,0,309,0.0,966.53
gsm8k-test-58,0.05,STOP,0,309,-0.015985018571591156,966.53
gsm8k-test-58,0.1,STOP,0,309,-0.03197003714318231,966.53
gsm8k-test-58,0.2,STOP,0,309,-0.06394007428636463,966.53
gsm8k-test-59,0.0,STOP,1,313,1.0,966.53
gsm8k-test-59,0.05,STOP,1,313,0.9838080556216569,966.53
gsm8k-test-59,0.1,STOP,1,313,0.9676161112433137,966.53
gsm8k-test-59,0.2,STOP,1,313,0.9352322224866274,966.53
gsm8k-test-60,0.0,STOP,0,314,0.0,966.53
gsm8k-test-60,0.05,STOP,0,314,-0.016243675830031144,966.53
gsm8k-test-60,0.1,STOP,0,314,-0.03248735166006229,966.53
gsm8k-test-60,0.2,STOP,0,314,-0.06497470332012457,966.53
gsm8k-test-61,0.0,STOP,0,309,0.0,966.53
gsm8k-test-61,0.05,STOP,0,309,-0.015985018571591156,966.53
gsm8k-test-61,0.1,STOP,0,309,-0.03197003714318231,966.53
gsm8k-test-61,0.2,STOP,0,309,-0.06394007428636463,966.53
gsm8k-test-62,0.0,STOP,1,289,1.0,966.53
gsm8k-test-62,0.05,STOP,1,289,0.9850496104621688,966.53
gsm8k-test-62,0.1,STOP,1,289,0.9700992209243375,966.53
gsm8k-test-62,0.2,STOP,1,289,0.9401984418486752,966.53
gsm8k-test-63,0.0,STOP,0,328,0.0,966.53
gsm8k-test-63,0.05,STOP,0,328,-0.016967916153663106,966.53
gsm8k-test-63,0.1,STOP,0,328,-0.03393583230732621,966.53
gsm8k-test-63,0.2,STOP,0,328,-0.06787166461465242,966.53
gsm8k-test-64,0.0,VERIFY,1,852,1.0,966.53
gsm8k-test-64,0.05,VERIFY,1,852,0.9559248031618264,966.53
gsm8k-test-64,0.1,VERIFY,1,852,0.9118496063236526,966.53
gsm8k-test-64,0.2,VERIFY,1,852,0.8236992126473053,966.53
gsm8k-test-65,0.0,STOP,0,264,0.0,966.53
gsm8k-test-65,0.05,STOP,0,264,-0.013657103245631281,966.53
gsm8k-test-65,0.1,STOP,0,264,-0.027314206491262562,966.53
gsm8k-test-65,0.2,STOP,0,264,-0.054628412982525125,966.53
gsm8k-test-66,0.0,STOP,0,257,0.0,966.53
gsm8k-test-66,0.05,STOP,0,257,-0.013294983083815298,966.53
gsm8k-test-66,0.1,STOP,0,257,-0.026589966167630597,966.53
gsm8k-test-66,0.2,STOP,0,257,-0.05317993233526119,966.53
gsm8k-test-67,0.0,VERIFY,1,905,1.0,966.53
gsm8k-test-67,0.05,VERIFY,1,905,0.9531830362223624,966.53
gsm8k-test-67,0.1,VERIFY,1,905,0.9063660724447249,966.53
gsm8k-test-67,0.2,VERIFY,1,905,0.8127321448894499,966.53
gsm8k-test-68,0.0,STOP,0,310,0.0,966.53
gsm8k-test-68,0.05,STOP,0,310,-0.016036750023279155,966.53
gsm8k-test-68,0.1,STOP,0,310,-0.03207350004655831,966.53
gsm8k-test-68,0.2,STOP,0,310,-0.06414700009311662,966.53
gsm8k-test-69,0.0,STOP,0,295,0.0,966.53
gsm8k-test-69,0.05,STOP,0,295,-0.015260778247959196,966.53
gsm8k-test-69,0.1,STOP,0,295,-0.03052155649591839,966.53
gsm8k-test-69,0.2,STOP,0,295,-0.06104311299183678,966.53
gsm8k-test-70,0.0,STOP,0,325,0.0,966.53
gsm8k-test-70,0.05,STOP,0,325,-0.016812721798599113,966.53
gsm8k-test-70,0.1,STOP,0,325,-0.033625443597198226,966.53
gsm8k-test-70,0.2,STOP,0,325,-0.06725088719439645,966.53
gsm8k-test-71,0.0,VERIFY,1,983,1.0,966.53
gsm8k-test-71,0.05,VERIFY,1,983,0.9491479829906987,966.53
gsm8k-test-71,0.1,VERIFY,1,983,0.8982959659813974,966.53
gsm8k-test-71,0.2,VERIFY,1,983,0.7965919319627948,966.53
gsm8k-test-72,0.0,STOP,1,315,1.0,966.53
gsm8k-test-72,0.05,STOP,1,315,0.9837045927182808,966.53
gsm8k-test-72,0.1,STOP,1,315,0.9674091854365617,966.53
gsm8k-test-72,0.2,STOP,1,315,0.9348183708731235,966.53
gsm8k-test-73,0.0,STOP,0,364,0.0,966.53
gsm8k-test-73,0.05,STOP,0,364,-0.018830248414431008,966.53
gsm8k-test-73,0.1,STOP,0,364,-0.037660496828862015,966.53
gsm8k-test-73,0.2,STOP,0,364,-0.07532099365772403,966.53
gsm8k-test-74,0.0,STOP,1,310,1.0,966.53
gsm8k-test-74,0.05,STOP,1,310,0.9839632499767208,966.53
gsm8k-test-74,0.1,STOP,1,310,0.9679264999534417,966.53
gsm8k-test-74,0.2,STOP,1,310,0.9358529999068834,966.53
gsm8k-test-75,0.0,STOP,1,295,1.0,966.53
gsm8k-test-75,0.05,STOP,1,295,0.9847392217520408,966.53
gsm8k-test-75,0.1,STOP,1,295,0.9694784435040816,966.53
gsm8k-test-75,0.2,STOP,1,295,0.9389568870081633,966.53
gsm8k-test-76,0.0,STOP,0,284,0.0,966.53
gsm8k-test-76,0.05,STOP,0,284,-0.014691732279391226,966.53
gsm8k-test-76,0.1,STOP,0,284,-0.029383464558782452,966.53
gsm8k-test-76,0.2,STOP,0,284,-0.058766929117564905,966.53
gsm8k-test-77,0.0,STOP,0,309,0.0,966.53
gsm8k-test-77,0.05,STOP,0,309,-0.015985018571591156,966.53
gsm8k-test-77,0.1,STOP,0,309,-0.03197003714318231,966.53
gsm8k-test-77,0.2,STOP,0,309,-0.06394007428636463,966.53
gsm8k-test-78,0.0,STOP,1,198,1.0,966.53
gsm8k-test-78,0.05,STOP,1,198,0.9897571725657766,966.53
gsm8k-test-78,0.1,STOP,1,198,0.9795143451315531,966.53
gsm8k-test-78,0.2,STOP,1,198,0.9590286902631061,966.53
gsm8k-test-79,0.0,VERIFY,1,851,1.0,966.53
gsm8k-test-79,0.05,VERIFY,1,851,0.9559765346135143,966.53
gsm8k-test-79,0.1,VERIFY,1,851,0.9119530692270287,966.53
gsm8k-test-79,0.2,VERIFY,1,851,0.8239061384540572,966.53
gsm8k-test-80,0.0,STOP,0,310,0.0,966.53
gsm8k-test-80,0.05,STOP,0,310,-0.016036750023279155,966.53
gsm8k-test-80,0.1,STOP,0,310,-0.03207350004655831,966.53
gsm8k-test-80,0.2,STOP,0,310,-0.06414700009311662,966.53
gsm8k-test-81,0.0,VERIFY,1,969,1.0,966.53
gsm8k-test-81,0.05,VERIFY,1,969,0.9498722233143306,966.53
gsm8k-test-81,0.1,VERIFY,1,969,0.8997444466286613,966.53
gsm8k-test-81,0.2,VERIFY,1,969,0.7994888932573225,966.53
gsm8k-test-82,0.0,STOP,1,307,1.0,966.53
gsm8k-test-82,0.05,STOP,1,307,0.9841184443317849,966.53
gsm8k-test-82,0.1,STOP,1,307,0.9682368886635697,966.53
gsm8k-test-82,0.2,STOP,1,307,0.9364737773271393,966.53
gsm8k-test-83,0.0,VERIFY,1,1015,1.0,966.53
gsm8k-test-83,0.05,VERIFY,1,1015,0.9474925765366827,966.53
gsm8k-test-83,0.1,VERIFY,1,1015,0.8949851530733656,966.53
gsm8k-test-83,0.2,VERIFY,1,1015,0.7899703061467311,966.53
gsm8k-test-84,0.0,STOP,1,296,1.0,966.53
gsm8k-test-84,0.05,STOP,1,296,0.9846874903003529,966.53
gsm8k-test-84,0.1,STOP,1,296,0.9693749806007056,966.53
gsm8k-test-84,0.2,STOP,1,296,0.9387499612014112,966.53
gsm8k-test-85,0.0,STOP,0,292,0.0,966.53
gsm8k-test-85,0.05,STOP,0,292,-0.015105583892895203,966.53
gsm8k-test-85,0.1,STOP,0,292,-0.030211167785790406,966.53
gsm8k-test-85,0.2,STOP,0,292,-0.06042233557158081,966.53
gsm8k-test-86,0.0,VERIFY,1,904,1.0,966.53
gsm8k-test-86,0.05,VERIFY,1,904,0.9532347676740505,966.53
gsm8k-test-86,0.1,VERIFY,1,904,0.9064695353481009,966.53
gsm8k-test-86,0.2,VERIFY,1,904,0.8129390706962019,966.53
gsm8k-test-87,0.0,STOP,1,271,1.0,966.53
gsm8k-test-87,0.05,STOP,1,271,0.9859807765925528,966.53
gsm8k-test-87,0.1,STOP,1,271,0.9719615531851055,966.53
gsm8k-test-87,0.2,STOP,1,271,0.9439231063702109,966.53
gsm8k-test-88,0.0,SC-3,1,835,1.0,966.53
gsm8k-test-88,0.05,SC-3,1,835,0.9568042378405223,966.53
gsm8k-test-88,0.1,SC-3,1,835,0.9136084756810445,966.53
gsm8k-test-88,0.2,SC-3,1,835,0.8272169513620891,966.53
gsm8k-test-89,0.0,VERIFY,1,933,1.0,966.53
gsm8k-test-89,0.05,VERIFY,1,933,0.9517345555750986,966.53
gsm8k-test-89,0.1,VERIFY,1,933,0.9034691111501971,966.53
gsm8k-test-89,0.2,VERIFY,1,933,0.8069382223003941,966.53
gsm8k-test-90,0.0,VERIFY,1,883,1.0,966.53
gsm8k-test-90,0.05,VERIFY,1,883,0.9543211281594984,966.53
gsm8k-test-90,0.1,VERIFY,1,883,0.9086422563189969,966.53
gsm8k-test-90,0.2,VERIFY,1,883,0.8172845126379936,966.53
gsm8k-test-91,0.0,STOP,0,327,0.0,966.53
gsm8k-test-91,0.05,STOP,0,327,-0.016916184701975107,966.53
gsm8k-test-91,0.1,STOP,0,327,-0.033832369403950215,966.53
gsm8k-test-91,0.2,STOP,0,327,-0.06766473880790043,966.53
gsm8k-test-92,0.0,STOP,1,259,1.0,966.53
gsm8k-test-92,0.05,STOP,1,259,0.9866015540128087,966.53
gsm8k-test-92,0.1,STOP,1,259,0.9732031080256174,966.53
gsm8k-test-92,0.2,STOP,1,259,0.9464062160512349,966.53
gsm8k-test-93,0.0,VERIFY,1,952,1.0,966.53
gsm8k-test-93,0.05,VERIFY,1,952,0.9507516579930266,966.53
gsm8k-test-93,0.1,VERIFY,1,952,0.9015033159860532,966.53
gsm8k-test-93,0.2,VERIFY,1,952,0.8030066319721064,966.53
gsm8k-test-94,0.0,STOP,0,306,0.0,966.53
gsm8k-test-94,0.05,STOP,0,306,-0.015829824216527164,966.53
gsm8k-test-94,0.1,STOP,0,306,-0.03165964843305433,966.53
gsm8k-test-94,0.2,STOP,0,306,-0.06331929686610865,966.53
gsm8k-test-95,0.0,VERIFY,1,956,1.0,966.53
gsm8k-test-95,0.05,VERIFY,1,956,0.9505447321862746,966.53
gsm8k-test-95,0.1,VERIFY,1,956,0.9010894643725492,966.53
gsm8k-test-95,0.2,VERIFY,1,956,0.8021789287450984,966.53
gsm8k-test-96,0.0,VERIFY,1,907,1.0,966.53
gsm8k-test-96,0.05,VERIFY,1,907,0.9530795733189865,966.53
gsm8k-test-96,0.1,VERIFY,1,907,0.9061591466379729,966.53
gsm8k-test-96,0.2,VERIFY,1,907,0.8123182932759458,966.53
gsm8k-test-97,0.0,STOP,0,294,0.0,966.53
gsm8k-test-97,0.05,STOP,0,294,-0.015209046796271199,966.53
gsm8k-test-97,0.1,STOP,0,294,-0.030418093592542397,966.53
gsm8k-test-97,0.2,STOP,0,294,-0.060836187185084795,966.53
gsm8k-test-98,0.0,STOP,0,323,0.0,966.53
gsm8k-test-98,0.05,STOP,0,323,-0.01670925889522312,966.53
gsm8k-test-98,0.1,STOP,0,323,-0.03341851779044624,966.53
gsm8k-test-98,0.2,STOP,0,323,-0.06683703558089248,966.53
gsm8k-test-99,0.0,STOP,0,286,0.0,966.53
gsm8k-test-99,0.05,STOP,0,286,-0.014795195182767219,966.53
gsm8k-test-99,0.1,STOP,0,286,-0.029590390365534437,966.53
gsm8k-test-99,0.2,STOP,0,286,-0.059180780731068874,966.53
gsm8k-test-100,0.0,STOP,1,303,1.0,966.53
gsm8k-test-100,0.05,STOP,1,303,0.9843253701385368,966.53
gsm8k-test-100,0.1,STOP,1,303,0.9686507402770737,966.53
gsm8k-test-100,0.2,STOP,1,303,0.9373014805541473,966.53
gsm8k-test-101,0.0,STOP,0,311,0.0,966.53
gsm8k-test-101,0.05,STOP,0,311,-0.01608848147496715,966.53
gsm8k-test-101,0.1,STOP,0,311,-0.0321769629499343,966.53
gsm8k-test-101,0.2,STOP,0,311,-0.0643539258998686,966.53
gsm8k-test-102,0.0,STOP,0,321,0.0,966.53
gsm8k-test-102,0.05,STOP,0,321,-0.016605795991847125,966.53
gsm8k-test-102,0.1,STOP,0,321,-0.03321159198369425,966.53
gsm8k-test-102,0.2,STOP,0,321,-0.0664231839673885,966.53
gsm8k-test-103,0.0,STOP,0,324,0.0,966.53
gsm8k-test-103,0.05,STOP,0,324,-0.016760990346911114,966.53
gsm8k-test-103,0.1,STOP,0,324,-0.03352198069382223,966.53
gsm8k-test-103,0.2,STOP,0,324,-0.06704396138764446,966.53
gsm8k-test-104,0.0,STOP,0,324,0.0,966.53
gsm8k-test-104,0.05,STOP,0,324,-0.016760990346911114,966.53
gsm8k-test-104,0.1,STOP,0,324,-0.03352198069382223,966.53
gsm8k-test-104,0.2,STOP,0,324,-0.06704396138764446,966.53
gsm8k-test-105,0.0,VERIFY,1,995,1.0,966.53
gsm8k-test-105,0.05,VERIFY,1,995,0.9485272055704427,966.53
gsm8k-test-105,0.1,VERIFY,1,995,0.8970544111408854,966.53
gsm8k-test-105,0.2,VERIFY,1,995,0.7941088222817708,966.53
gsm8k-test-106,0.0,VERIFY,1,840,1.0,966.53
gsm8k-test-106,0.05,VERIFY,1,840,0.9565455805820823,966.53
gsm8k-test-106,0.1,VERIFY,1,840,0.9130911611641646,966.53
gsm8k-test-106,0.2,VERIFY,1,840,0.8261823223283291,966.53
gsm8k-test-107,0.0,VERIFY,1,902,1.0,966.53
gsm8k-test-107,0.05,VERIFY,1,902,0.9533382305774265,966.53
gsm8k-test-107,0.1,VERIFY,1,902,0.9066764611548529,966.53
gsm8k-test-107,0.2,VERIFY,1,902,0.8133529223097058,966.53
gsm8k-test-108,0.0,STOP,1,272,1.0,966.53
gsm8k-test-108,0.05,STOP,1,272,0.9859290451408648,966.53
gsm8k-test-108,0.1,STOP,1,272,0.9718580902817295,966.53
gsm8k-test-108,0.2,STOP,1,272,0.943716180563459,966.53
gsm8k-test-109,0.0,STOP,1,268,1.0,966.53
gsm8k-test-109,0.05,STOP,1,268,0.9861359709476167,966.53
gsm8k-test-109,0.1,STOP,1,268,0.9722719418952335,966.53
gsm8k-test-109,0.2,STOP,1,268,0.9445438837904669,966.53
gsm8k-test-110,0.0,STOP,1,197,1.0,966.53
gsm8k-test-110,0.05,STOP,1,197,0.9898089040174646,966.53
gsm8k-test-110,0.1,STOP,1,197,0.979617808034929,966.53
gsm8k-test-110,0.2,STOP,1,197,0.9592356160698582,966.53
gsm8k-test-111,0.0,STOP,0,360,0.0,966.53
gsm8k-test-111,0.05,STOP,0,360,-0.018623322607679016,966.53
gsm8k-test-111,0.1,STOP,0,360,-0.03724664521535803,966.53
gsm8k-test-111,0.2,STOP,0,360,-0.07449329043071606,966.53
gsm8k-test-112,0.0,STOP,1,274,1.0,966.53
gsm8k-test-112,0.05,STOP,1,274,0.9858255822374887,966.53
gsm8k-test-112,0.1,STOP,1,274,0.9716511644749775,966.53
gsm8k-test-112,0.2,STOP,1,274,0.943302328949955,966.53
gsm8k-test-113,0.0,STOP,0,299,0.0,966.53
gsm8k-test-113,0.05,STOP,0,299,-0.015467704054711186,966.53
gsm8k-test-113,0.1,STOP,0,299,-0.03093540810942237,966.53
gsm8k-test-113,0.2,STOP,0,299,-0.06187081621884474,966.53
gsm8k-test-114,0.0,STOP,0,342,0.0,966.53
gsm8k-test-114,0.05,STOP,0,342,-0.017692156477295065,966.53
gsm8k-test-114,0.1,STOP,0,342,-0.03538431295459013,966.53
gsm8k-test-114,0.2,STOP,0,342,-0.07076862590918026,966.53
gsm8k-test-115,0.0,STOP,0,318,0.0,966.53
gsm8k-test-115,0.05,STOP,0,318,-0.016450601636783132,966.53
gsm8k-test-115,0.1,STOP,0,318,-0.032901203273566264,966.53
gsm8k-test-115,0.2,STOP,0,318,-0.06580240654713253,966.53
gsm8k-test-116,0.0,VERIFY,1,992,1.0,966.53
gsm8k-test-116,0.05,VERIFY,1,992,0.9486823999255067,966.53
gsm8k-test-116,0.1,VERIFY,1,992,0.8973647998510134,966.53
gsm8k-test-116,0.2,VERIFY,1,992,0.7947295997020268,966.53
gsm8k-test-117,0.0,STOP,0,321,0.0,966.53
gsm8k-test-117,0.05,STOP,0,321,-0.016605795991847125,966.53
gsm8k-test-117,0.1,STOP,0,321,-0.03321159198369425,966.53
gsm8k-test-117,0.2,STOP,0,321,-0.0664231839673885,966.53
gsm8k-test-118,0.0,VERIFY,1,932,1.0,966.53
gsm8k-test-118,0.05,VERIFY,1,932,0.9517862870267866,966.53
gsm8k-test-118,0.1,VERIFY,1,932,0.903572574053573,966.53
gsm8k-test-118,0.2,VERIFY,1,932,0.8071451481071461,966.53
gsm8k-test-119,0.0,VERIFY,1,911,1.0,966.53
gsm8k-test-119,0.05,VERIFY,1,911,0.9528726475122344,966.53
gsm8k-test-119,0.1,VERIFY,1,911,0.905745295024469,966.53
gsm8k-test-119,0.2,VERIFY,1,911,0.811490590048938,966.53
gsm8k-test-120,0.0,STOP,0,309,0.0,966.53
gsm8k-test-120,0.05,STOP,0,309,-0.015985018571591156,966.53
gsm8k-test-120,0.1,STOP,0,309,-0.03197003714318231,966.53
gsm8k-test-120,0.2,STOP,0,309,-0.06394007428636463,966.53
gsm8k-test-121,0.0,VERIFY,1,861,1.0,966.53
gsm8k-test-121,0.05,VERIFY,1,861,0.9554592200966343,966.53
gsm8k-test-121,0.1,VERIFY,1,861,0.9109184401932687,966.53
gsm8k-test-121,0.2,VERIFY,1,861,0.8218368803865373,966.53
gsm8k-test-122,0.0,STOP,0,296,0.0,966.53
gsm8k-test-122,0.05,STOP,0,296,-0.015312509699647193,966.53
gsm8k-test-122,0.1,STOP,0,296,-0.030625019399294386,966.53
gsm8k-test-122,0.2,STOP,0,296,-0.06125003879858877,966.53
gsm8k-test-123,0.0,VERIFY,1,905,1.0,966.53
gsm8k-test-123,0.05,VERIFY,1,905,0.9531830362223624,966.53
gsm8k-test-123,0.1,VERIFY,1,905,0.9063660724447249,966.53
gsm8k-test-123,0.2,VERIFY,1,905,0.8127321448894499,966.53
gsm8k-test-124,0.0,STOP,0,291,0.0,966.53
gsm8k-test-124,0.05,STOP,0,291,-0.015053852441207206,966.53
gsm8k-test-124,0.1,STOP,0,291,-0.03010770488241441,966.53
gsm8k-test-124,0.2,STOP,0,291,-0.06021540976482882,966.53
gsm8k-test-125,0.0,STOP,0,312,0.0,966.53
gsm8k-test-125,0.05,STOP,0,312,-0.01614021292665515,966.53
gsm8k-test-125,0.1,STOP,0,312,-0.0322804258533103,966.53
gsm8k-test-125,0.2,STOP,0,312,-0.0645608517066206,966.53
gsm8k-test-126,0.0,STOP,0,354,0.0,966.53
gsm8k-test-126,0.05,STOP,0,354,-0.018312933897551033,966.53
gsm8k-test-126,0.1,STOP,0,354,-0.03662586779510207,966.53
gsm8k-test-126,0.2,STOP,0,354,-0.07325173559020413,966.53
gsm8k-test-127,0.0,STOP,1,301,1.0,966.53
gsm8k-test-127,0.05,STOP,1,301,0.9844288330419129,966.53
gsm8k-test-127,0.1,STOP,1,301,0.9688576660838256,966.53
gsm8k-test-127,0.2,STOP,1,301,0.9377153321676512,966.53
gsm8k-test-128,0.0,VERIFY,1,904,1.0,966.53
gsm8k-test-128,0.05,VERIFY,1,904,0.9532347676740505,966.53
gsm8k-test-128,0.1,VERIFY,1,904,0.9064695353481009,966.53
gsm8k-test-128,0.2,VERIFY,1,904,0.8129390706962019,966.53
gsm8k-test-129,0.0,STOP,1,243,1.0,966.53
gsm8k-test-129,0.05,STOP,1,243,0.9874292572398167,966.53
gsm8k-test-129,0.1,STOP,1,243,0.9748585144796333,966.53
gsm8k-test-129,0.2,STOP,1,243,0.9497170289592667,966.53
gsm8k-test-130,0.0,STOP,1,286,1.0,966.53
gsm8k-test-130,0.05,STOP,1,286,0.9852048048172328,966.53
gsm8k-test-130,0.1,STOP,1,286,0.9704096096344655,966.53
gsm8k-test-130,0.2,STOP,1,286,0.9408192192689311,966.53
gsm8k-test-131,0.0,STOP,0,302,0.0,966.53
gsm8k-test-131,0.05,STOP,0,302,-0.015622898409775177,966.53
gsm8k-test-131,0.1,STOP,0,302,-0.031245796819550354,966.53
gsm8k-test-131,0.2,STOP,0,302,-0.06249159363910071,966.53
gsm8k-test-132,0.0,STOP,0,303,0.0,966.53
gsm8k-test-132,0.05,STOP,0,303,-0.015674629861463174,966.53
gsm8k-test-132,0.1,STOP,0,303,-0.03134925972292635,966.53
gsm8k-test-132,0.2,STOP,0,303,-0.0626985194458527,966.53
gsm8k-test-133,0.0,STOP,0,306,0.0,966.53
gsm8k-test-133,0.05,STOP,0,306,-0.015829824216527164,966.53
gsm8k-test-133,0.1,STOP,0,306,-0.03165964843305433,966.53
gsm8k-test-133,0.2,STOP,0,306,-0.06331929686610865,966.53
gsm8k-test-134,0.0,STOP,0,315,0.0,966.53
gsm8k-test-134,0.05,STOP,0,315,-0.016295407281719142,966.53
gsm8k-test-134,0.1,STOP,0,315,-0.032590814563438285,966.53
gsm8k-test-134,0.2,STOP,0,315,-0.06518162912687657,966.53
gsm8k-test-135,0.0,STOP,0,300,0.0,966.53
gsm8k-test-135,0.05,STOP,0,300,-0.015519435506399183,966.53
gsm8k-test-135,0.1,STOP,0,300,-0.031038871012798366,966.53
gsm8k-test-135,0.2,STOP,0,300,-0.06207774202559673,966.53
gsm8k-test-136,0.0,VERIFY,1,942,1.0,966.53
gsm8k-test-136,0.05,VERIFY,1,942,0.9512689725099066,966.53
gsm8k-test-136,0.1,VERIFY,1,942,0.9025379450198131,966.53
gsm8k-test-136,0.2,VERIFY,1,942,0.8050758900396263,966.53
gsm8k-test-137,0.0,STOP,0,302,0.0,966.53
gsm8k-test-137,0.05,STOP,0,302,-0.015622898409775177,966.53
gsm8k-test-137,0.1,STOP,0,302,-0.031245796819550354,966.53
gsm8k-test-137,0.2,STOP,0,302,-0.06249159363910071,966.53
gsm8k-test-138,0.0,STOP,0,303,0.0,966.53
gsm8k-test-138,0.05,STOP,0,303,-0.015674629861463174,966.53
gsm8k-test-138,0.1,STOP,0,303,-0.03134925972292635,966.53
gsm8k-test-138,0.2,STOP,0,303,-0.0626985194458527,966.53
gsm8k-test-139,0.0,STOP,0,339,0.0,966.53
gsm8k-test-139,0.05,STOP,0,339,-0.017536962122231076,966.53
gsm8k-test-139,0.1,STOP,0,339,-0.03507392424446215,966.53
gsm8k-test-139,0.2,STOP,0,339,-0.0701478484889243,966.53
gsm8k-test-140,0.0,STOP,0,282,0.0,966.53
gsm8k-test-140,0.05,STOP,0,282,-0.014588269376015232,966.53
gsm8k-test-140,0.1,STOP,0,282,-0.029176538752030464,966.53
gsm8k-test-140,0.2,STOP,0,282,-0.05835307750406093,966.53
gsm8k-test-141,0.0,STOP,0,366,0.0,966.53
gsm8k-test-141,0.05,STOP,0,366,-0.018933711317807002,966.53
gsm8k-test-141,0.1,STOP,0,366,-0.037867422635614004,966.53
gsm8k-test-141,0.2,STOP,0,366,-0.07573484527122801,966.53
gsm8k-test-142,0.0,STOP,1,292,1.0,966.53
gsm8k-test-142,0.05,STOP,1,292,0.9848944161071048,966.53
gsm8k-test-142,0.1,STOP,1,292,0.9697888322142096,966.53
gsm8k-test-142,0.2,STOP,1,292,0.9395776644284192,966.53
gsm8k-test-143,0.0,STOP,0,315,0.0,966.53
gsm8k-test-143,0.05,STOP,0,315,-0.016295407281719142,966.53
gsm8k-test-143,0.1,STOP,0,315,-0.032590814563438285,966.53
gsm8k-test-143,0.2,STOP,0,315,-0.06518162912687657,966.53
gsm8k-test-144,0.0,STOP,0,345,0.0,966.53
gsm8k-test-144,0.05,STOP,0,345,-0.017847350832359058,966.53
gsm8k-test-144,0.1,STOP,0,345,-0.035694701664718116,966.53
gsm8k-test-144,0.2,STOP,0,345,-0.07138940332943623,966.53
gsm8k-test-145,0.0,STOP,1,252,1.0,966.53
gsm8k-test-145,0.05,STOP,1,252,0.9869636741746247,966.53
gsm8k-test-145,0.1,STOP,1,252,0.9739273483492494,966.53
gsm8k-test-145,0.2,STOP,1,252,0.9478546966984988,966.53
gsm8k-test-146,0.0,STOP,0,303,0.0,966.53
gsm8k-test-146,0.05,STOP,0,303,-0.015674629861463174,966.53
gsm8k-test-146,0.1,STOP,0,303,-0.03134925972292635,966.53
gsm8k-test-146,0.2,STOP,0,303,-0.0626985194458527,966.53
gsm8k-test-147,0.0,STOP,0,311,0.0,966.53
gsm8k-test-147,0.05,STOP,0,311,-0.01608848147496715,966.53
gsm8k-test-147,0.1,STOP,0,311,-0.0321769629499343,966.53
gsm8k-test-147,0.2,STOP,0,311,-0.0643539258998686,966.53
gsm8k-test-148,0.0,STOP,1,172,1.0,966.53
gsm8k-test-148,0.05,STOP,1,172,0.9911021903096645,966.53
gsm8k-test-148,0.1,STOP,1,172,0.9822043806193289,966.53
gsm8k-test-148,0.2,STOP,1,172,0.9644087612386579,966.53
gsm8k-test-149,0.0,STOP,0,303,0.0,966.53
gsm8k-test-149,0.05,STOP,0,303,-0.015674629861463174,966.53
gsm8k-test-149,0.1,STOP,0,303,-0.03134925972292635,966.53
gsm8k-test-149,0.2,STOP,0,303,-0.0626985194458527,966.53
gsm8k-test-150,0.0,STOP,1,299,1.0,966.53
gsm8k-test-150,0.05,STOP,1,299,0.9845322959452888,966.53
gsm8k-test-150,0.1,STOP,1,299,0.9690645918905776,966.53
gsm8k-test-150,0.2,STOP,1,299,0.9381291837811553,966.53
gsm8k-test-151,0.0,STOP,0,277,0.0,966.53
gsm8k-test-151,0.05,STOP,0,277,-0.014329612117575245,966.53
gsm8k-test-151,0.1,STOP,0,277,-0.02865922423515049,966.53
gsm8k-test-151,0.2,STOP,0,277,-0.05731844847030098,966.53
gsm8k-test-152,0.0,STOP,0,337,0.0,966.53
gsm8k-test-152,0.05,STOP,0,337,-0.01743349921885508,966.53
gsm8k-test-152,0.1,STOP,0,337,-0.03486699843771016,966.53
gsm8k-test-152,0.2,STOP,0,337,-0.06973399687542033,966.53
gsm8k-test-153,0.0,VERIFY,1,943,1.0,966.53
gsm8k-test-153,0.05,VERIFY,1,943,0.9512172410582186,966.53
gsm8k-test-153,0.1,VERIFY,1,943,0.9024344821164372,966.53
gsm8k-test-153,0.2,VERIFY,1,943,0.8048689642328744,966.53
gsm8k-test-154,0.0,STOP,0,305,0.0,966.53
gsm8k-test-154,0.05,STOP,0,305,-0.015778092764839168,966.53
gsm8k-test-154,0.1,STOP,0,305,-0.031556185529678336,966.53
gsm8k-test-154,0.2,STOP,0,305,-0.06311237105935667,966.53
gsm8k-test-155,0.0,SC-3,1,1142,1.0,966.53
gsm8k-test-155,0.05,SC-3,1,1142,0.9409226821723071,966.53
gsm8k-test-155,0.1,SC-3,1,1142,0.8818453643446142,966.53
gsm8k-test-155,0.2,SC-3,1,1142,0.7636907286892285,966.53
gsm8k-test-156,0.0,STOP,0,334,0.0,966.53
gsm8k-test-156,0.05,STOP,0,334,-0.01727830486379109,966.53
gsm8k-test-156,0.1,STOP,0,334,-0.03455660972758218,966.53
gsm8k-test-156,0.2,STOP,0,334,-0.06911321945516435,966.53
gsm8k-test-157,0.0,STOP,1,334,1.0,966.53
gsm8k-test-157,0.05,STOP,1,334,0.9827216951362089,966.53
gsm8k-test-157,0.1,STOP,1,334,0.9654433902724178,966.53
gsm8k-test-157,0.2,STOP,1,334,0.9308867805448356,966.53
gsm8k-test-158,0.0,STOP,0,313,0.0,966.53
gsm8k-test-158,0.05,STOP,0,313,-0.016191944378343145,966.53
gsm8k-test-158,0.1,STOP,0,313,-0.03238388875668629,966.53
gsm8k-test-158,0.2,STOP,0,313,-0.06476777751337258,966.53
gsm8k-test-159,0.0,STOP,1,295,1.0,966.53
gsm8k-test-159,0.05,STOP,1,295,0.9847392217520408,966.53
gsm8k-test-159,0.1,STOP,1,295,0.9694784435040816,966.53
gsm8k-test-159,0.2,STOP,1,295,0.9389568870081633,966.53
gsm8k-test-160,0.0,STOP,0,292,0.0,966.53
gsm8k-test-160,0.05,STOP,0,292,-0.015105583892895203,966.53
gsm8k-test-160,0.1,STOP,0,292,-0.030211167785790406,966.53
gsm8k-test-160,0.2,STOP,0,292,-0.06042233557158081,966.53
gsm8k-test-161,0.0,STOP,0,339,0.0,966.53
gsm8k-test-161,0.05,STOP,0,339,-0.017536962122231076,966.53
gsm8k-test-161,0.1,STOP,0,339,-0.03507392424446215,966.53
gsm8k-test-161,0.2,STOP,0,339,-0.0701478484889243,966.53
gsm8k-test-162,0.0,STOP,1,225,1.0,966.53
gsm8k-test-162,0.05,STOP,1,225,0.9883604233702006,966.53
gsm8k-test-162,0.1,STOP,1,225,0.9767208467404013,966.53
gsm8k-test-162,0.2,STOP,1,225,0.9534416934808024,966.53
gsm8k-test-163,0.0,STOP,0,325,0.0,966.53
gsm8k-test-163,0.05,STOP,0,325,-0.016812721798599113,966.53
gsm8k-test-163,0.1,STOP,0,325,-0.033625443597198226,966.53
gsm8k-test-163,0.2,STOP,0,325,-0.06725088719439645,966.53
gsm8k-test-164,0.0,STOP,0,288,0.0,966.53
gsm8k-test-164,0.05,STOP,0,288,-0.014898658086143213,966.53
gsm8k-test-164,0.1,STOP,0,288,-0.029797316172286425,966.53
gsm8k-test-164,0.2,STOP,0,288,-0.05959463234457285,966.53
gsm8k-test-165,0.0,STOP,0,315,0.0,966.53
gsm8k-test-165,0.05,STOP,0,315,-0.016295407281719142,966.53
gsm8k-test-165,0.1,STOP,0,315,-0.032590814563438285,966.53
gsm8k-test-165,0.2,STOP,0,315,-0.06518162912687657,966.53
gsm8k-test-166,0.0,STOP,0,372,0.0,966.53
gsm8k-test-166,0.05,STOP,0,372,-0.019244100027934988,966.53
gsm8k-test-166,0.1,STOP,0,372,-0.038488200055869976,966.53
gsm8k-test-166,0.2,STOP,0,372,-0.07697640011173995,966.53
gsm8k-test-167,0.0,STOP,1,255,1.0,966.53
gsm8k-test-167,0.05,STOP,1,255,0.9868084798195607,966.53
gsm8k-test-167,0.1,STOP,1,255,0.9736169596391214,966.53
gsm8k-test-167,0.2,STOP,1,255,0.9472339192782427,966.53
gsm8k-test-168,0.0,STOP,0,344,0.0,966.53
gsm8k-test-168,0.05,STOP,0,344,-0.01779561938067106,966.53
gsm8k-test-168,0.1,STOP,0,344,-0.03559123876134212,966.53
gsm8k-test-168,0.2,STOP,0,344,-0.07118247752268424,966.53
gsm8k-test-169,0.0,STOP,0,339,0.0,966.53
gsm8k-test-169,0.05,STOP,0,339,-0.017536962122231076,966.53
gsm8k-test-169,0.1,STOP,0,339,-0.03507392424446215,966.53
gsm8k-test-169,0.2,STOP,0,339,-0.0701478484889243,966.53
gsm8k-test-170,0.0,STOP,0,349,0.0,966.53
gsm8k-test-170,0.05,STOP,0,349,-0.018054276639111046,966.53
gsm8k-test-170,0.1,STOP,0,349,-0.03610855327822209,966.53
gsm8k-test-170,0.2,STOP,0,349,-0.07221710655644419,966.53
gsm8k-test-171,0.0,STOP,0,282,0.0,966.53
gsm8k-test-171,0.05,STOP,0,282,-0.014588269376015232,966.53
gsm8k-test-171,0.1,STOP,0,282,-0.029176538752030464,966.53
gsm8k-test-171,0.2,STOP,0,282,-0.05835307750406093,966.53
gsm8k-test-172,0.0,VERIFY,1,846,1.0,966.53
gsm8k-test-172,0.05,VERIFY,1,846,0.9562351918719543,966.53
gsm8k-test-172,0.1,VERIFY,1,846,0.9124703837439087,966.53
gsm8k-test-172,0.2,VERIFY,1,846,0.8249407674878172,966.53
gsm8k-test-173,0.0,STOP,1,277,1.0,966.53
gsm8k-test-173,0.05,STOP,1,277,0.9856703878824248,966.53
gsm8k-test-173,0.1,STOP,1,277,0.9713407757648496,966.53
gsm8k-test-173,0.2,STOP,1,277,0.942681551529699,966.53
gsm8k-test-174,0.0,VERIFY,1,910,1.0,966.53
gsm8k-test-174,0.05,VERIFY,1,910,0.9529243789639225,966.53
gsm8k-test-174,0.1,VERIFY,1,910,0.9058487579278449,966.53
gsm8k-test-174,0.2,VERIFY,1,910,0.8116975158556899,966.53
gsm8k-test-175,0.0,SC-3,1,873,1.0,966.53
gsm8k-test-175,0.05,SC-3,1,873,0.9548384426763784,966.53
gsm8k-test-175,0.1,SC-3,1,873,0.9096768853527568,966.53
gsm8k-test-175,0.2,SC-3,1,873,0.8193537707055135,966.53
gsm8k-test-176,0.0,STOP,0,315,0.0,966.53
gsm8k-test-176,0.05,STOP,0,315,-0.016295407281719142,966.53
gsm8k-test-176,0.1,STOP,0,315,-0.032590814563438285,966.53
gsm8k-test-176,0.2,STOP,0,315,-0.06518162912687657,966.53
gsm8k-test-177,0.0,STOP,1,257,1.0,966.53
gsm8k-test-177,0.05,STOP,1,257,0.9867050169161847,966.53
gsm8k-test-177,0.1,STOP,1,257,0.9734100338323695,966.53
gsm8k-test-177,0.2,STOP,1,257,0.9468200676647388,966.53
gsm8k-test-178,0.0,STOP,0,320,0.0,966.53
gsm8k-test-178,0.05,STOP,0,320,-0.01655406454015913,966.53
gsm8k-test-178,0.1,STOP,0,320,-0.03310812908031826,966.53
gsm8k-test-178,0.2,STOP,0,320,-0.06621625816063652,966.53
gsm8k-test-179,0.0,STOP,0,304,0.0,966.53
gsm8k-test-179,0.05,STOP,0,304,-0.015726361313151173,966.53
gsm8k-test-179,0.1,STOP,0,304,-0.031452722626302346,966.53
gsm8k-test-179,0.2,STOP,0,304,-0.06290544525260469,966.53
gsm8k-test-180,0.0,STOP,1,257,1.0,966.53
gsm8k-test-180,0.05,STOP,1,257,0.9867050169161847,966.53
gsm8k-test-180,0.1,STOP,1,257,0.9734100338323695,966.53
gsm8k-test-180,0.2,STOP,1,257,0.9468200676647388,966.53
gsm8k-test-181,0.0,STOP,0,319,0.0,966.53
gsm8k-test-181,0.05,STOP,0,319,-0.01650233308847113,966.53
gsm8k-test-181,0.1,STOP,0,319,-0.03300466617694226,966.53
gsm8k-test-181,0.2,STOP,0,319,-0.06600933235388452,966.53
gsm8k-test-182,0.0,STOP,0,247,0.0,966.53
gsm8k-test-182,0.05,STOP,0,247,-0.012777668566935328,966.53
gsm8k-test-182,0.1,STOP,0,247,-0.025555337133870655,966.53
gsm8k-test-182,0.2,STOP,0,247,-0.05111067426774131,966.53
gsm8k-test-183,0.0,STOP,0,296,0.0,966.53
gsm8k-test-183,0.05,STOP,0,296,-0.015312509699647193,966.53
gsm8k-test-183,0.1,STOP,0,296,-0.030625019399294386,966.53
gsm8k-test-183,0.2,STOP,0,296,-0.06125003879858877,966.53
gsm8k-test-184,0.0,STOP,0,337,0.0,966.53
gsm8k-test-184,0.05,STOP,0,337,-0.01743349921885508,966.53
gsm8k-test-184,0.1,STOP,0,337,-0.03486699843771016,966.53
gsm8k-test-184,0.2,STOP,0,337,-0.06973399687542033,966.53
gsm8k-test-185,0.0,STOP,0,282,0.0,966.53
gsm8k-test-185,0.05,STOP,0,282,-0.014588269376015232,966.53
gsm8k-test-185,0.1,STOP,0,282,-0.029176538752030464,966.53
gsm8k-test-185,0.2,STOP,0,282,-0.05835307750406093,966.53
gsm8k-test-186,0.0,STOP,1,258,1.0,966.53
gsm8k-test-186,0.05,STOP,1,258,0.9866532854644967,966.53
gsm8k-test-186,0.1,STOP,1,258,0.9733065709289934,966.53
gsm8k-test-186,0.2,STOP,1,258,0.9466131418579868,966.53
gsm8k-test-187,0.0,VERIFY,1,822,1.0,966.53
gsm8k-test-187,0.05,VERIFY,1,822,0.9574767467124663,966.53
gsm8k-test-187,0.1,VERIFY,1,822,0.9149534934249325,966.53
gsm8k-test-187,0.2,VERIFY,1,822,0.829906986849865,966.53
gsm8k-test-188,0.0,VERIFY,1,958,1.0,966.53
gsm8k-test-188,0.05,VERIFY,1,958,0.9504412692828986,966.53
gsm8k-test-188,0.1,VERIFY,1,958,0.9008825385657973,966.53
gsm8k-test-188,0.2,VERIFY,1,958,0.8017650771315945,966.53
gsm8k-test-189,0.0,STOP,0,300,0.0,966.53
gsm8k-test-189,0.05,STOP,0,300,-0.015519435506399183,966.53
gsm8k-test-189,0.1,STOP,0,300,-0.031038871012798366,966.53
gsm8k-test-189,0.2,STOP,0,300,-0.06207774202559673,966.53
gsm8k-test-190,0.0,STOP,1,297,1.0,966.53
gsm8k-test-190,0.05,STOP,1,297,0.9846357588486648,966.53
gsm8k-test-190,0.1,STOP,1,297,0.9692715176973297,966.53
gsm8k-test-190,0.2,STOP,1,297,0.9385430353946592,966.53
gsm8k-test-191,0.0,VERIFY,1,903,1.0,966.53
gsm8k-test-191,0.05,VERIFY,1,903,0.9532864991257385,966.53
gsm8k-test-191,0.1,VERIFY,1,903,0.906572998251477,966.53
gsm8k-test-191,0.2,VERIFY,1,903,0.8131459965029538,966.53
gsm8k-test-192,0.0,STOP,1,242,1.0,966.53
gsm8k-test-192,0.05,STOP,1,242,0.9874809886915047,966.53
gsm8k-test-192,0.1,STOP,1,242,0.9749619773830093,966.53
gsm8k-test-192,0.2,STOP,1,242,0.9499239547660187,966.53
gsm8k-test-193,0.0,VERIFY,1,929,1.0,966.53
gsm8k-test-193,0.05,VERIFY,1,929,0.9519414813818505,966.53
gsm8k-test-193,0.1,VERIFY,1,929,0.9038829627637011,966.53
gsm8k-test-193,0.2,VERIFY,1,929,0.8077659255274021,966.53
gsm8k-test-194,0.0,STOP,0,303,0.0,966.53
gsm8k-test-194,0.05,STOP,0,303,-0.015674629861463174,966.53
gsm8k-test-194,0.1,STOP,0,303,-0.03134925972292635,966.53
gsm8k-test-194,0.2,STOP,0,303,-0.0626985194458527,966.53
gsm8k-test-195,0.0,VERIFY,1,865,1.0,966.53
gsm8k-test-195,0.05,VERIFY,1,865,0.9552522942898823,966.53
gsm8k-test-195,0.1,VERIFY,1,865,0.9105045885797647,966.53
gsm8k-test-195,0.2,VERIFY,1,865,0.8210091771595294,966.53
gsm8k-test-196,0.0,STOP,0,319,0.0,966.53
gsm8k-test-196,0.05,STOP,0,319,-0.01650233308847113,966.53
gsm8k-test-196,0.1,STOP,0,319,-0.03300466617694226,966.53
gsm8k-test-196,0.2,STOP,0,319,-0.06600933235388452,966.53
gsm8k-test-197,0.0,STOP,0,276,0.0,966.53
gsm8k-test-197,0.05,STOP,0,276,-0.014277880665887248,966.53
gsm8k-test-197,0.1,STOP,0,276,-0.028555761331774496,966.53
gsm8k-test-197,0.2,STOP,0,276,-0.05711152266354899,966.53
gsm8k-test-198,0.0,STOP,1,333,1.0,966.53
gsm8k-test-198,0.05,STOP,1,333,0.9827734265878969,966.53
gsm8k-test-198,0.1,STOP,1,333,0.9655468531757938,966.53
gsm8k-test-198,0.2,STOP,1,333,0.9310937063515876,966.53
gsm8k-test-199,0.0,STOP,0,311,0.0,966.53
gsm8k-test-199,0.05,STOP,0,311,-0.01608848147496715,966.53
gsm8k-test-199,0.1,STOP,0,311,-0.0321769629499343,966.53
gsm8k-test-199,0.2,STOP,0,311,-0.0643539258998686,966.53
gsm8k-test-200,0.0,STOP,1,263,1.0,966.53
gsm8k-test-200,0.05,STOP,1,263,0.9863946282060567,966.53
gsm8k-test-200,0.1,STOP,1,263,0.9727892564121134,966.53
gsm8k-test-200,0.2,STOP,1,263,0.9455785128242269,966.53
gsm8k-test-201,0.0,STOP,0,305,0.0,966.53
gsm8k-test-201,0.05,STOP,0,305,-0.015778092764839168,966.53
gsm8k-test-201,0.1,STOP,0,305,-0.031556185529678336,966.53
gsm8k-test-201,0.2,STOP,0,305,-0.06311237105935667,966.53
gsm8k-test-202,0.0,STOP,1,260,1.0,966.53
gsm8k-test-202,0.05,STOP,1,260,0.9865498225611207,966.53
gsm8k-test-202,0.1,STOP,1,260,0.9730996451222415,966.53
gsm8k-test-202,0.2,STOP,1,260,0.9461992902444828,966.53
gsm8k-test-203,0.0,VERIFY,1,962,1.0,966.53
gsm8k-test-203,0.05,VERIFY,1,962,0.9502343434761467,966.53
gsm8k-test-203,0.1,VERIFY,1,962,0.9004686869522932,966.53
gsm8k-test-203,0.2,VERIFY,1,962,0.8009373739045865,966.53
gsm8k-test-204,0.0,STOP,0,357,0.0,966.53
gsm8k-test-204,0.05,STOP,0,357,-0.018468128252615026,966.53
gsm8k-test-204,0.1,STOP,0,357,-0.03693625650523005,966.53
gsm8k-test-204,0.2,STOP,0,357,-0.0738725130104601,966.53
gsm8k-test-205,0.0,VERIFY,1,930,1.0,966.53
gsm8k-test-205,0.05,VERIFY,1,930,0.9518897499301625,966.53
gsm8k-test-205,0.1,VERIFY,1,930,0.903779499860325,966.53
gsm8k-test-205,0.2,VERIFY,1,930,0.8075589997206502,966.53
gsm8k-test-206,0.0,STOP,0,293,0.0,966.53
gsm8k-test-206,0.05,STOP,0,293,-0.0151573153445832,966.53
gsm8k-test-206,0.1,STOP,0,293,-0.0303146306891664,966.53
gsm8k-test-206,0.2,STOP,0,293,-0.0606292613783328,966.53
gsm8k-test-207,0.0,STOP,0,345,0.0,966.53
gsm8k-test-207,0.05,STOP,0,345,-0.017847350832359058,966.53
gsm8k-test-207,0.1,STOP,0,345,-0.035694701664718116,966.53
gsm8k-test-207,0.2,STOP,0,345,-0.07138940332943623,966.53
gsm8k-test-208,0.0,VERIFY,1,911,1.0,966.53
gsm8k-test-208,0.05,VERIFY,1,911,0.9528726475122344,966.53
gsm8k-test-208,0.1,VERIFY,1,911,0.905745295024469,966.53
gsm8k-test-208,0.2,VERIFY,1,911,0.811490590048938,966.53
gsm8k-test-209,0.0,STOP,0,300,0.0,966.53
gsm8k-test-209,0.05,STOP,0,300,-0.015519435506399183,966.53
gsm8k-test-209,0.1,STOP,0,300,-0.031038871012798366,966.53
gsm8k-test-209,0.2,STOP,0,300,-0.06207774202559673,966.53
gsm8k-test-210,0.0,STOP,0,355,0.0,966.53
gsm8k-test-210,0.05,STOP,0,355,-0.018364665349239032,966.53
gsm8k-test-210,0.1,STOP,0,355,-0.036729330698478065,966.53
gsm8k-test-210,0.2,STOP,0,355,-0.07345866139695613,966.53
gsm8k-test-211,0.0,STOP,0,387,0.0,966.53
gsm8k-test-211,0.05,STOP,0,387,-0.020020071803254946,966.53
gsm8k-test-211,0.1,STOP,0,387,-0.04004014360650989,966.53
gsm8k-test-211,0.2,STOP,0,387,-0.08008028721301978,966.53
gsm8k-test-212,0.0,STOP,1,246,1.0,966.53
gsm8k-test-212,0.05,STOP,1,246,0.9872740628847527,966.53
gsm8k-test-212,0.1,STOP,1,246,0.9745481257695053,966.53
gsm8k-test-212,0.2,STOP,1,246,0.9490962515390107,966.53
gsm8k-test-213,0.0,STOP,0,337,0.0,966.53
gsm8k-test-213,0.05,STOP,0,337,-0.01743349921885508,966.53
gsm8k-test-213,0.1,STOP,0,337,-0.03486699843771016,966.53
gsm8k-test-213,0.2,STOP,0,337,-0.06973399687542033,966.53
gsm8k-test-214,0.0,VERIFY,1,951,1.0,966.53
gsm8k-test-214,0.05,VERIFY,1,951,0.9508033894447145,966.53
gsm8k-test-214,0.1,VERIFY,1,951,0.9016067788894292,966.53
gsm8k-test-214,0.2,VERIFY,1,951,0.8032135577788584,966.53
gsm8k-test-215,0.0,STOP,0,297,0.0,966.53
gsm8k-test-215,0.05,STOP,0,297,-0.01536424115133519,966.53
gsm8k-test-215,0.1,STOP,0,297,-0.03072848230267038,966.53
gsm8k-test-215,0.2,STOP,0,297,-0.06145696460534076,966.53
gsm8k-test-216,0.0,STOP,0,300,0.0,966.53
gsm8k-test-216,0.05,STOP,0,300,-0.015519435506399183,966.53
gsm8k-test-216,0.1,STOP,0,300,-0.031038871012798366,966.53
gsm8k-test-216,0.2,STOP,0,300,-0.06207774202559673,966.53
gsm8k-test-217,0.0,STOP,1,333,1.0,966.53
gsm8k-test-217,0.05,STOP,1,333,0.9827734265878969,966.53
gsm8k-test-217,0.1,STOP,1,333,0.9655468531757938,966.53
gsm8k-test-217,0.2,STOP,1,333,0.9310937063515876,966.53
gsm8k-test-218,0.0,STOP,0,277,0.0,966.53
gsm8k-test-218,0.05,STOP,0,277,-0.014329612117575245,966.53
gsm8k-test-218,0.1,STOP,0,277,-0.02865922423515049,966.53
gsm8k-test-218,0.2,STOP,0,277,-0.05731844847030098,966.53
gsm8k-test-219,0.0,STOP,0,282,0.0,966.53
gsm8k-test-219,0.05,STOP,0,282,-0.014588269376015232,966.53
gsm8k-test-219,0.1,STOP,0,282,-0.029176538752030464,966.53
gsm8k-test-219,0.2,STOP,0,282,-0.05835307750406093,966.53
gsm8k-test-220,0.0,STOP,1,272,1.0,966.53
gsm8k-test-220,0.05,STOP,1,272,0.9859290451408648,966.53
gsm8k-test-220,0.1,STOP,1,272,0.9718580902817295,966.53
gsm8k-test-220,0.2,STOP,1,272,0.943716180563459,966.53
gsm8k-test-221,0.0,STOP,0,295,0.0,966.53
gsm8k-test-221,0.05,STOP,0,295,-0.015260778247959196,966.53
gsm8k-test-221,0.1,STOP,0,295,-0.03052155649591839,966.53
gsm8k-test-221,0.2,STOP,0,295,-0.06104311299183678,966.53
gsm8k-test-222,0.0,VERIFY,1,957,1.0,966.53
gsm8k-test-222,0.05,VERIFY,1,957,0.9504930007345866,966.53
gsm8k-test-222,0.1,VERIFY,1,957,0.9009860014691732,966.53
gsm8k-test-222,0.2,VERIFY,1,957,0.8019720029383465,966.53
gsm8k-test-223,0.0,STOP,0,324,0.0,966.53
gsm8k-test-223,0.05,STOP,0,324,-0.016760990346911114,966.53
gsm8k-test-223,0.1,STOP,0,324,-0.03352198069382223,966.53
gsm8k-test-223,0.2,STOP,0,324,-0.06704396138764446,966.53
gsm8k-test-224,0.0,STOP,0,311,0.0,966.53
gsm8k-test-224,0.05,STOP,0,311,-0.01608848147496715,966.53
gsm8k-test-224,0.1,STOP,0,311,-0.0321769629499343,966.53
gsm8k-test-224,0.2,STOP,0,311,-0.0643539258998686,966.53
gsm8k-test-225,0.0,STOP,0,298,0.0,966.53
gsm8k-test-225,0.05,STOP,0,298,-0.015415972603023187,966.53
gsm8k-test-225,0.1,STOP,0,298,-0.030831945206046374,966.53
gsm8k-test-225,0.2,STOP,0,298,-0.06166389041209275,966.53
gsm8k-test-226,0.0,STOP,0,286,0.0,966.53
gsm8k-test-226,0.05,STOP,0,286,-0.014795195182767219,966.53
gsm8k-test-226,0.1,STOP,0,286,-0.029590390365534437,966.53
gsm8k-test-226,0.2,STOP,0,286,-0.059180780731068874,966.53
gsm8k-test-227,0.0,STOP,0,315,0.0,966.53
gsm8k-test-227,0.05,STOP,0,315,-0.016295407281719142,966.53
gsm8k-test-227,0.1,STOP,0,315,-0.032590814563438285,966.53
gsm8k-test-227,0.2,STOP,0,315,-0.06518162912687657,966.53
gsm8k-test-228,0.0,STOP,0,313,0.0,966.53
gsm8k-test-228,0.05,STOP,0,313,-0.016191944378343145,966.53
gsm8k-test-228,0.1,STOP,0,313,-0.03238388875668629,966.53
gsm8k-test-228,0.2,STOP,0,313,-0.06476777751337258,966.53
gsm8k-test-229,0.0,SC-3,1,968,1.0,966.53
gsm8k-test-229,0.05,SC-3,1,968,0.9499239547660187,966.53
gsm8k-test-229,0.1,SC-3,1,968,0.8998479095320373,966.53
gsm8k-test-229,0.2,SC-3,1,968,0.7996958190640746,966.53
gsm8k-test-230,0.0,STOP,0,305,0.0,966.53
gsm8k-test-230,0.05,STOP,0,305,-0.015778092764839168,966.53
gsm8k-test-230,0.1,STOP,0,305,-0.031556185529678336,966.53
gsm8k-test-230,0.2,STOP,0,305,-0.06311237105935667,966.53
gsm8k-test-231,0.0,STOP,0,274,0.0,966.53
gsm8k-test-231,0.05,STOP,0,274,-0.014174417762511252,966.53
gsm8k-test-231,0.1,STOP,0,274,-0.028348835525022504,966.53
gsm8k-test-231,0.2,STOP,0,274,-0.05669767105004501,966.53
gsm8k-test-232,0.0,STOP,1,256,1.0,966.53
gsm8k-test-232,0.05,STOP,1,256,0.9867567483678727,966.53
gsm8k-test-232,0.1,STOP,1,256,0.9735134967357454,966.53
gsm8k-test-232,0.2,STOP,1,256,0.9470269934714908,966.53
gsm8k-test-233,0.0,STOP,1,257,1.0,966.53
gsm8k-test-233,0.05,STOP,1,257,0.9867050169161847,966.53
gsm8k-test-233,0.1,STOP,1,257,0.9734100338323695,966.53
gsm8k-test-233,0.2,STOP,1,257,0.9468200676647388,966.53
gsm8k-test-234,0.0,STOP,0,321,0.0,966.53
gsm8k-test-234,0.05,STOP,0,321,-0.016605795991847125,966.53
gsm8k-test-234,0.1,STOP,0,321,-0.03321159198369425,966.53
gsm8k-test-234,0.2,STOP,0,321,-0.0664231839673885,966.53
gsm8k-test-235,0.0,STOP,0,313,0.0,966.53
gsm8k-test-235,0.05,STOP,0,313,-0.016191944378343145,966.53
gsm8k-test-235,0.1,STOP,0,313,-0.03238388875668629,966.53
gsm8k-test-235,0.2,STOP,0,313,-0.06476777751337258,966.53
gsm8k-test-236,0.0,SC-3,1,892,1.0,966.53
gsm8k-test-236,0.05,SC-3,1,892,0.9538555450943065,966.53
gsm8k-test-236,0.1,SC-3,1,892,0.9077110901886128,966.53
gsm8k-test-236,0.2,SC-3,1,892,0.8154221803772257,966.53
gsm8k-test-237,0.0,STOP,0,258,0.0,966.53
gsm8k-test-237,0.05,STOP,0,258,-0.013346714535503297,966.53
gsm8k-test-237,0.1,STOP,0,258,-0.026693429071006594,966.53
gsm8k-test-237,0.2,STOP,0,258,-0.05338685814201319,966.53
gsm8k-test-238,0.0,STOP,1,293,1.0,966.53
gsm8k-test-238,0.05,STOP,1,293,0.9848426846554168,966.53
gsm8k-test-238,0.1,STOP,1,293,0.9696853693108336,966.53
gsm8k-test-238,0.2,STOP,1,293,0.9393707386216672,966.53
gsm8k-test-239,0.0,STOP,0,312,0.0,966.53
gsm8k-test-239,0.05,STOP,0,312,-0.01614021292665515,966.53
gsm8k-test-239,0.1,STOP,0,312,-0.0322804258533103,966.53
gsm8k-test-239,0.2,STOP,0,312,-0.0645608517066206,966.53
gsm8k-test-240,0.0,STOP,0,287,0.0,966.53
gsm8k-test-240,0.05,STOP,0,287,-0.014846926634455216,966.53
gsm8k-test-240,0.1,STOP,0,287,-0.02969385326891043,966.53
gsm8k-test-240,0.2,STOP,0,287,-0.05938770653782086,966.53
gsm8k-test-241,0.0,STOP,0,273,0.0,966.53
gsm8k-test-241,0.05,STOP,0,273,-0.014122686310823255,966.53
gsm8k-test-241,0.1,STOP,0,273,-0.02824537262164651,966.53
gsm8k-test-241,0.2,STOP,0,273,-0.05649074524329302,966.53
gsm8k-test-242,0.0,VERIFY,1,987,1.0,966.53
gsm8k-test-242,0.05,VERIFY,1,987,0.9489410571839467,966.53
gsm8k-test-242,0.1,VERIFY,1,987,0.8978821143678933,966.53
gsm8k-test-242,0.2,VERIFY,1,987,0.7957642287357868,966.53
gsm8k-test-243,0.0,STOP,1,261,1.0,966.53
gsm8k-test-243,0.05,STOP,1,261,0.9864980911094328,966.53
gsm8k-test-243,0.1,STOP,1,261,0.9729961822188654,966.53
gsm8k-test-243,0.2,STOP,1,261,0.9459923644377308,966.53
gsm8k-test-244,0.0,STOP,0,246,0.0,966.53
gsm8k-test-244,0.05,STOP,0,246,-0.01272593711524733,966.53
gsm8k-test-244,0.1,STOP,0,246,-0.02545187423049466,966.53
gsm8k-test-244,0.2,STOP,0,246,-0.05090374846098932,966.53
gsm8k-test-245,0.0,STOP,0,329,0.0,966.53
gsm8k-test-245,0.05,STOP,0,329,-0.0170196476053511,966.53
gsm8k-test-245,0.1,STOP,0,329,-0.0340392952107022,966.53
gsm8k-test-245,0.2,STOP,0,329,-0.0680785904214044,966.53
gsm8k-test-246,0.0,STOP,0,316,0.0,966.53
gsm8k-test-246,0.05,STOP,0,316,-0.016347138733407138,966.53
gsm8k-test-246,0.1,STOP,0,316,-0.032694277466814275,966.53
gsm8k-test-246,0.2,STOP,0,316,-0.06538855493362855,966.53
gsm8k-test-247,0.0,STOP,0,298,0.0,966.53
gsm8k-test-247,0.05,STOP,0,298,-0.015415972603023187,966.53
gsm8k-test-247,0.1,STOP,0,298,-0.030831945206046374,966.53
gsm8k-test-247,0.2,STOP,0,298,-0.06166389041209275,966.53
gsm8k-test-248,0.0,STOP,1,187,1.0,966.53
gsm8k-test-248,0.05,STOP,1,187,0.9903262185343445,966.53
gsm8k-test-248,0.1,STOP,1,187,0.980652437068689,966.53
gsm8k-test-248,0.2,STOP,1,187,0.9613048741373781,966.53
gsm8k-test-249,0.0,STOP,0,323,0.0,966.53
gsm8k-test-249,0.05,STOP,0,323,-0.01670925889522312,966.53
gsm8k-test-249,0.1,STOP,0,323,-0.03341851779044624,966.53
gsm8k-test-249,0.2,STOP,0,323,-0.06683703558089248,966.53
gsm8k-test-250,0.0,STOP,1,296,1.0,966.53
gsm8k-test-250,0.05,STOP,1,296,0.9846874903003529,966.53
gsm8k-test-250,0.1,STOP,1,296,0.9693749806007056,966.53
gsm8k-test-250,0.2,STOP,1,296,0.9387499612014112,966.53
gsm8k-test-251,0.0,STOP,0,319,0.0,966.53
gsm8k-test-251,0.05,STOP,0,319,-0.01650233308847113,966.53
gsm8k-test-251,0.1,STOP,0,319,-0.03300466617694226,966.53
gsm8k-test-251,0.2,STOP,0,319,-0.06600933235388452,966.53
gsm8k-test-252,0.0,STOP,1,286,1.0,966.53
gsm8k-test-252,0.05,STOP,1,286,0.9852048048172328,966.53
gsm8k-test-252,0.1,STOP,1,286,0.9704096096344655,966.53
gsm8k-test-252,0.2,STOP,1,286,0.9408192192689311,966.53
gsm8k-test-253,0.0,STOP,0,333,0.0,966.53
gsm8k-test-253,0.05,STOP,0,333,-0.017226573412103093,966.53
gsm8k-test-253,0.1,STOP,0,333,-0.034453146824206186,966.53
gsm8k-test-253,0.2,STOP,0,333,-0.06890629364841237,966.53
gsm8k-test-254,0.0,VERIFY,1,964,1.0,966.53
gsm8k-test-254,0.05,VERIFY,1,964,0.9501308805727706,966.53
gsm8k-test-254,0.1,VERIFY,1,964,0.9002617611455412,966.53
gsm8k-test-254,0.2,VERIFY,1,964,0.8005235222910825,966.53
gsm8k-test-255,0.0,VERIFY,1,976,1.0,966.53
gsm8k-test-255,0.05,VERIFY,1,976,0.9495101031525146,966.53
gsm8k-test-255,0.1,VERIFY,1,976,0.8990202063050293,966.53
gsm8k-test-255,0.2,VERIFY,1,976,0.7980404126100586,966.53
gsm8k-test-256,0.0,VERIFY,1,952,1.0,966.53
gsm8k-test-256,0.05,VERIFY,1,952,0.9507516579930266,966.53
gsm8k-test-256,0.1,VERIFY,1,952,0.9015033159860532,966.53
gsm8k-test-256,0.2,VERIFY,1,952,0.8030066319721064,966.53
gsm8k-test-257,0.0,STOP,0,359,0.0,966.53
gsm8k-test-257,0.05,STOP,0,359,-0.01857159115599102,966.53
gsm8k-test-257,0.1,STOP,0,359,-0.03714318231198204,966.53
gsm8k-test-257,0.2,STOP,0,359,-0.07428636462396408,966.53
gsm8k-test-258,0.0,STOP,0,288,0.0,966.53
gsm8k-test-258,0.05,STOP,0,288,-0.014898658086143213,966.53
gsm8k-test-258,0.1,STOP,0,288,-0.029797316172286425,966.53
gsm8k-test-258,0.2,STOP,0,288,-0.05959463234457285,966.53
gsm8k-test-259,0.0,STOP,0,331,0.0,966.53
gsm8k-test-259,0.05,STOP,0,331,-0.017123110508727096,966.53
gsm8k-test-259,0.1,STOP,0,331,-0.03424622101745419,966.53
gsm8k-test-259,0.2,STOP,0,331,-0.06849244203490838,966.53
gsm8k-test-260,0.0,STOP,1,298,1.0,966.53
gsm8k-test-260,0.05,STOP,1,298,0.9845840273969768,966.53
gsm8k-test-260,0.1,STOP,1,298,0.9691680547939536,966.53
gsm8k-test-260,0.2,STOP,1,298,0.9383361095879073,966.53
gsm8k-test-261,0.0,VERIFY,1,910,1.0,966.53
gsm8k-test-261,0.05,VERIFY,1,910,0.9529243789639225,966.53
gsm8k-test-261,0.1,VERIFY,1,910,0.9058487579278449,966.53
gsm8k-test-261,0.2,VERIFY,1,910,0.8116975158556899,966.53
gsm8k-test-262,0.0,VERIFY,1,892,1.0,966.53
gsm8k-test-262,0.05,VERIFY,1,892,0.9538555450943065,966.53
gsm8k-test-262,0.1,VERIFY,1,892,0.9077110901886128,966.53
gsm8k-test-262,0.2,VERIFY,1,892,0.8154221803772257,966.53
gsm8k-test-263,0.0,STOP,0,295,0.0,966.53
gsm8k-test-263,0.05,STOP,0,295,-0.015260778247959196,966.53
gsm8k-test-263,0.1,STOP,0,295,-0.03052155649591839,966.53
gsm8k-test-263,0.2,STOP,0,295,-0.06104311299183678,966.53
gsm8k-test-264,0.0,STOP,0,312,0.0,966.53
gsm8k-test-264,0.05,STOP,0,312,-0.01614021292665515,966.53
gsm8k-test-264,0.1,STOP,0,312,-0.0322804258533103,966.53
gsm8k-test-264,0.2,STOP,0,312,-0.0645608517066206,966.53
gsm8k-test-265,0.0,VERIFY,1,895,1.0,966.53
gsm8k-test-265,0.05,VERIFY,1,895,0.9537003507392424,966.53
gsm8k-test-265,0.1,VERIFY,1,895,0.9074007014784848,966.53
gsm8k-test-265,0.2,VERIFY,1,895,0.8148014029569698,966.53
gsm8k-test-266,0.0,STOP,1,307,1.0,966.53
gsm8k-test-266,0.05,STOP,1,307,0.9841184443317849,966.53
gsm8k-test-266,0.1,STOP,1,307,0.9682368886635697,966.53
gsm8k-test-266,0.2,STOP,1,307,0.9364737773271393,966.53
gsm8k-test-267,0.0,STOP,0,293,0.0,966.53
gsm8k-test-267,0.05,STOP,0,293,-0.0151573153445832,966.53
gsm8k-test-267,0.1,STOP,0,293,-0.0303146306891664,966.53
gsm8k-test-267,0.2,STOP,0,293,-0.0606292613783328,966.53
gsm8k-test-268,0.0,STOP,0,316,0.0,966.53
gsm8k-test-268,0.05,STOP,0,316,-0.016347138733407138,966.53
gsm8k-test-268,0.1,STOP,0,316,-0.032694277466814275,966.53
gsm8k-test-268,0.2,STOP,0,316,-0.06538855493362855,966.53
gsm8k-test-269,0.0,VERIFY,1,930,1.0,966.53
gsm8k-test-269,0.05,VERIFY,1,930,0.9518897499301625,966.53
gsm8k-test-269,0.1,VERIFY,1,930,0.903779499860325,966.53
gsm8k-test-269,0.2,VERIFY,1,930,0.8075589997206502,966.53
gsm8k-test-270,0.0,VERIFY,1,943,1.0,966.53
gsm8k-test-270,0.05,VERIFY,1,943,0.9512172410582186,966.53
gsm8k-test-270,0.1,VERIFY,1,943,0.9024344821164372,966.53
gsm8k-test-270,0.2,VERIFY,1,943,0.8048689642328744,966.53
gsm8k-test-271,0.0,SC-3,1,900,1.0,966.53
gsm8k-test-271,0.05,SC-3,1,900,0.9534416934808024,966.53
gsm8k-test-271,0.1,SC-3,1,900,0.9068833869616049,966.53
gsm8k-test-271,0.2,SC-3,1,900,0.8137667739232098,966.53
gsm8k-test-272,0.0,STOP,1,277,1.0,966.53
gsm8k-test-272,0.05,STOP,1,277,0.9856703878824248,966.53
gsm8k-test-272,0.1,STOP,1,277,0.9713407757648496,966.53
gsm8k-test-272,0.2,STOP,1,277,0.942681551529699,966.53
gsm8k-test-273,0.0,SC-3,1,840,1.0,966.53
gsm8k-test-273,0.05,SC-3,1,840,0.9565455805820823,966.53
gsm8k-test-273,0.1,SC-3,1,840,0.9130911611641646,966.53
gsm8k-test-273,0.2,SC-3,1,840,0.8261823223283291,966.53
gsm8k-test-274,0.0,STOP,0,340,0.0,966.53
gsm8k-test-274,0.05,STOP,0,340,-0.017588693573919074,966.53
gsm8k-test-274,0.1,STOP,0,340,-0.03517738714783815,966.53
gsm8k-test-274,0.2,STOP,0,340,-0.0703547742956763,966.53
gsm8k-test-275,0.0,STOP,1,289,1.0,966.53
gsm8k-test-275,0.05,STOP,1,289,0.9850496104621688,966.53
gsm8k-test-275,0.1,STOP,1,289,0.9700992209243375,966.53
gsm8k-test-275,0.2,STOP,1,289,0.9401984418486752,966.53
gsm8k-test-276,0.0,VERIFY,1,911,1.0,966.53
gsm8k-test-276,0.05,VERIFY,1,911,0.9528726475122344,966.53
gsm8k-test-276,0.1,VERIFY,1,911,0.905745295024469,966.53
gsm8k-test-276,0.2,VERIFY,1,911,0.811490590048938,966.53
gsm8k-test-277,0.0,STOP,0,317,0.0,966.53
gsm8k-test-277,0.05,STOP,0,317,-0.016398870185095137,966.53
gsm8k-test-277,0.1,STOP,0,317,-0.03279774037019027,966.53
gsm8k-test-277,0.2,STOP,0,317,-0.06559548074038055,966.53
gsm8k-test-278,0.0,VERIFY,1,957,1.0,966.53
gsm8k-test-278,0.05,VERIFY,1,957,0.9504930007345866,966.53
gsm8k-test-278,0.1,VERIFY,1,957,0.9009860014691732,966.53
gsm8k-test-278,0.2,VERIFY,1,957,0.8019720029383465,966.53
gsm8k-test-279,0.0,STOP,1,300,1.0,966.53
gsm8k-test-279,0.05,STOP,1,300,0.9844805644936008,966.53
gsm8k-test-279,0.1,STOP,1,300,0.9689611289872017,966.53
gsm8k-test-279,0.2,STOP,1,300,0.9379222579744033,966.53
gsm8k-test-280,0.0,STOP,1,255,1.0,966.53
gsm8k-test-280,0.05,STOP,1,255,0.9868084798195607,966.53
gsm8k-test-280,0.1,STOP,1,255,0.9736169596391214,966.53
gsm8k-test-280,0.2,STOP,1,255,0.9472339192782427,966.53
gsm8k-test-281,0.0,VERIFY,1,850,1.0,966.53
gsm8k-test-281,0.05,VERIFY,1,850,0.9560282660652023,966.53
gsm8k-test-281,0.1,VERIFY,1,850,0.9120565321304046,966.53
gsm8k-test-281,0.2,VERIFY,1,850,0.8241130642608092,966.53
gsm8k-test-282,0.0,STOP,0,326,0.0,966.53
gsm8k-test-282,0.05,STOP,0,326,-0.01686445325028711,966.53
gsm8k-test-282,0.1,STOP,0,326,-0.03372890650057422,966.53
gsm8k-test-282,0.2,STOP,0,326,-0.06745781300114843,966.53
gsm8k-test-283,0.0,STOP,0,310,0.0,966.53
gsm8k-test-283,0.05,STOP,0,310,-0.016036750023279155,966.53
gsm8k-test-283,0.1,STOP,0,310,-0.03207350004655831,966.53
gsm8k-test-283,0.2,STOP,0,310,-0.06414700009311662,966.53
gsm8k-test-284,0.0,STOP,0,329,0.0,966.53
gsm8k-test-284,0.05,STOP,0,329,-0.0170196476053511,966.53
gsm8k-test-284,0.1,STOP,0,329,-0.0340392952107022,966.53
gsm8k-test-284,0.2,STOP,0,329,-0.0680785904214044,966.53
gsm8k-test-285,0.0,STOP,0,279,0.0,966.53
gsm8k-test-285,0.05,STOP,0,279,-0.014433075020951239,966.53
gsm8k-test-285,0.1,STOP,0,279,-0.028866150041902478,966.53
gsm8k-test-285,0.2,STOP,0,279,-0.057732300083804956,966.53
gsm8k-test-286,0.0,STOP,1,200,1.0,966.53
gsm8k-test-286,0.05,STOP,1,200,0.9896537096624005,966.53
gsm8k-test-286,0.1,STOP,1,200,0.9793074193248011,966.53
gsm8k-test-286,0.2,STOP,1,200,0.9586148386496022,966.53
gsm8k-test-287,0.0,STOP,1,186,1.0,966.53
gsm8k-test-287,0.05,STOP,1,186,0.9903779499860325,966.53
gsm8k-test-287,0.1,STOP,1,186,0.980755899972065,966.53
gsm8k-test-287,0.2,STOP,1,186,0.96151179994413,966.53
gsm8k-test-288,0.0,STOP,1,303,1.0,966.53
gsm8k-test-288,0.05,STOP,1,303,0.9843253701385368,966.53
gsm8k-test-288,0.1,STOP,1,303,0.9686507402770737,966.53
gsm8k-test-288,0.2,STOP,1,303,0.9373014805541473,966.53
gsm8k-test-289,0.0,STOP,0,360,0.0,966.53
gsm8k-test-289,0.05,STOP,0,360,-0.018623322607679016,966.53
gsm8k-test-289,0.1,STOP,0,360,-0.03724664521535803,966.53
gsm8k-test-289,0.2,STOP,0,360,-0.07449329043071606,966.53
gsm8k-test-290,0.0,STOP,0,327,0.0,966.53
gsm8k-test-290,0.05,STOP,0,327,-0.016916184701975107,966.53
gsm8k-test-290,0.1,STOP,0,327,-0.033832369403950215,966.53
gsm8k-test-290,0.2,STOP,0,327,-0.06766473880790043,966.53
gsm8k-test-291,0.0,STOP,1,283,1.0,966.53
gsm8k-test-291,0.05,STOP,1,283,0.9853599991722968,966.53
gsm8k-test-291,0.1,STOP,1,283,0.9707199983445935,966.53
gsm8k-test-291,0.2,STOP,1,283,0.9414399966891871,966.53
gsm8k-test-292,0.0,VERIFY,1,934,1.0,966.53
gsm8k-test-292,0.05,VERIFY,1,934,0.9516828241234105,966.53
gsm8k-test-292,0.1,VERIFY,1,934,0.9033656482468211,966.53
gsm8k-test-292,0.2,VERIFY,1,934,0.8067312964936422,966.53
gsm8k-test-293,0.0,STOP,0,284,0.0,966.53
gsm8k-test-293,0.05,STOP,0,284,-0.014691732279391226,966.53
gsm8k-test-293,0.1,STOP,0,284,-0.029383464558782452,966.53
gsm8k-test-293,0.2,STOP,0,284,-0.058766929117564905,966.53
gsm8k-test-294,0.0,STOP,1,277,1.0,966.53
gsm8k-test-294,0.05,STOP,1,277,0.9856703878824248,966.53
gsm8k-test-294,0.1,STOP,1,277,0.9713407757648496,966.53
gsm8k-test-294,0.2,STOP,1,277,0.942681551529699,966.53
gsm8k-test-295,0.0,STOP,0,322,0.0,966.53
gsm8k-test-295,0.05,STOP,0,322,-0.016657527443535124,966.53
gsm8k-test-295,0.1,STOP,0,322,-0.03331505488707025,966.53
gsm8k-test-295,0.2,STOP,0,322,-0.0666301097741405,966.53
gsm8k-test-296,0.0,STOP,0,286,0.0,966.53
gsm8k-test-296,0.05,STOP,0,286,-0.014795195182767219,966.53
gsm8k-test-296,0.1,STOP,0,286,-0.029590390365534437,966.53
gsm8k-test-296,0.2,STOP,0,286,-0.059180780731068874,966.53
gsm8k-test-297,0.0,STOP,0,295,0.0,966.53
gsm8k-test-297,0.05,STOP,0,295,-0.015260778247959196,966.53
gsm8k-test-297,0.1,STOP,0,295,-0.03052155649591839,966.53
gsm8k-test-297,0.2,STOP,0,295,-0.06104311299183678,966.53
gsm8k-test-298,0.0,STOP,1,293,1.0,966.53
gsm8k-test-298,0.05,STOP,1,293,0.9848426846554168,966.53
gsm8k-test-298,0.1,STOP,1,293,0.9696853693108336,966.53
gsm8k-test-298,0.2,STOP,1,293,0.9393707386216672,966.53
gsm8k-test-299,0.0,STOP,0,304,0.0,966.53
gsm8k-test-299,0.05,STOP,0,304,-0.015726361313151173,966.53
gsm8k-test-299,0.1,STOP,0,304,-0.031452722626302346,966.53
gsm8k-test-299,0.2,STOP,0,304,-0.06290544525260469,966.53
